trdar_cd,trdar_cd_nm,signgu_cd,signgu_cd_nm
3110008,배화여자대학교(박노수미술관),11110,종로구
3001494,종로·청계 관광특구,11110,종로구
3130021,신설종합시장,11110,종로구
3130002,세종마을음식문화거리(금천교시장),11110,종로구
3130001,통인시장,11110,종로구
3130020,동묘시장(동묘벼룩시장),11110,종로구
3130019,동대문상가D동,11110,종로구
3130018,동대문문구완구거리(동대문문구완구시장),11110,종로구
3130017,동대문상가C동,11110,종로구
3130016,동대문상가B동,11110,종로구
3130015,창신골목시장,11110,종로구
3130014,동문시장,11110,종로구
3130013,동대문상가A동,11110,종로구
3130012,"동대문종합시장(동대문종합시장 신관, 동대문종합시장D동상가)",11110,종로구
3130011,충신시장,11110,종로구
3130010,종로신진시장,11110,종로구
3130009,마전교지하쇼핑센터(구 한일상가),11110,종로구
3130007,광장시장(광장전통시장),11110,종로구
3130005,세운상가가동,11110,종로구
3130004,낙원시장(낙원지하시장(대일상가)),11110,종로구
3120017,동묘앞역(동묘),11110,종로구
3120012,대학로(혜화역),11110,종로구
3120011,종로4가,11110,종로구
3120016,동대문역,11110,종로구
3120015,종로6가,11110,종로구
3120014,종로5가역,11110,종로구
3120013,이화사거리,11110,종로구
3120009,종로3가역,11110,종로구
3120010,원남동사거리,11110,종로구
3120008,인사동,11110,종로구
3120007,북촌(안국역),11110,종로구
3120006,종각역,11110,종로구
3120005,삼청동,11110,종로구
3120004,종로구청,11110,종로구
3120003,광화문역,11110,종로구
3120002,서촌(경복궁역),11110,종로구
3120001,서대문역,11110,종로구
3110531,홍지문,11110,종로구
3110036,동묘앞역 3번,11110,종로구
3110034,창신1동주민센터,11110,종로구
3110033,창신역 4번,11110,종로구
3110032,수족관거리,11110,종로구
3110031,창신역 1번,11110,종로구
3110030,동대문역 3번,11110,종로구
3110029,동대문역 1번,11110,종로구
3110028,이화달팽이길,11110,종로구
3110027,혜화역 1번,11110,종로구
3110026,종로5가역 4번,11110,종로구
3110025,충신시장옆,11110,종로구
3110024,혜회동주민센터,11110,종로구
3110023,서울대병원,11110,종로구
3110022,경신고등학교,11110,종로구
3110021,성균관대학교,11110,종로구
3110009,자하문터널,11110,종로구
3110010,평창동서측,11110,종로구
3110017,정독도서관,11110,종로구
3110018,중앙고등학교,11110,종로구
3110019,창덕궁,11110,종로구
3110020,서울국제고등학교,11110,종로구
3110001,이북5도청사,11110,종로구
3110002,독립문역 1번,11110,종로구
3110003,세검정초등학교,11110,종로구
3110004,대신고등학교,11110,종로구
3110035,동묘앞역 2번,11110,종로구
3110011,청운초등학교,11110,종로구
3110012,성곡미술관,11110,종로구
3110013,체부동홍종문가옥,11110,종로구
3110014,경복고등학교,11110,종로구
3110015,청와대사랑채,11110,종로구
3110016,평창동동측,11110,종로구
3110005,세검정,11110,종로구
3110006,부암동주민센터,11110,종로구
3110007,사직공원(한국사회과학도서관),11110,종로구
3110037,신설동역 12번,11110,종로구
3110038,경향신문사,11140,중구
3001493,동대문패션타운 관광특구,11140,중구
3001492,명동 남대문 북창동 다동 무교동 관광특구,11140,중구
3130048,동평화시장,11140,중구
3130047,테크노상가(엘리시움),11140,중구
3130024,남대문시장(자유상가),11140,중구
3130022,숭례문수입상가(남대문시장),11140,중구
3130035,방산종합시장(방산시장),11140,중구
3130046,team204(팀204),11140,중구
3130042,약수시장,11140,중구
3130038,"평화시장(통일상가, 동화상가)",11140,중구
3130036,중부시장(신중부시장),11140,중구
3130034,필동 골목형상점가,11140,중구
3130033,대림상가(청계상가),11140,중구
3130032,인현시장,11140,중구
3130031,청계천공구상가,11140,중구
3130025,삼익패션타운(남대문시장),11140,중구
3130052,서울중앙시장(신중앙시장),11140,중구
3130051,동화동 골목형상점가,11140,중구
3130050,청평화시장,11140,중구
3130049,신당 미래유산 먹거리 골목형상점가,11140,중구
3130055,"황학시장(서울중앙시장, 신중앙시장)",11140,중구
3130054,황학동주방가구거리상점가,11140,중구
3130053,백학시장,11140,중구
3130327,"평화시장(남평화시장, 제일평화시장, 신평화패션타운)",11140,중구
3120035,퇴계로5가,11140,중구
3120034,중구청(퇴계로4가),11140,중구
3120039,신당역,11140,중구
3120038,약수역,11140,중구
3120037,동대문역사문화공원역,11140,중구
3120036,장충동족발거리(남소영길),11140,중구
3120029,을지로2가,11140,중구
3120033,을지로4가역,11140,중구
3120032,충무로역,11140,중구
3120031,을지로3가역,11140,중구
3120030,중부경찰서(영화인의거리),11140,중구
3120028,명동(명동거리),11140,중구
3120027,명동역(명동재미로),11140,중구
3120026,을지로입구역,11140,중구
3120025,롯데백화점(시청광장 지하쇼핑센터),11140,중구
3120024,회현역,11140,중구
3120023,서울시청,11140,중구
3120022,북창동(시청역_6번),11140,중구
3120021,시청역_8번,11140,중구
3120020,시청역_1번,11140,중구
3120019,경찰청앞교차로,11140,중구
3120018,중림동,11140,중구
3120043,서울역,11140,중구
3110591,충정로역 6번,11140,중구
3110052,장충초등학교,11140,중구
3110051,한양공고앞 교차로,11140,중구
3110050,약수역 7번,11140,중구
3110056,신당역 3번,11140,중구
3110055,황학동벼룩시장,11140,중구
3110054,청구역 3번,11140,중구
3110053,청구역 1번,11140,중구
3110049,장충단 고개,11140,중구
3110048,장충동주민센터,11140,중구
3110047,다산성곽길,11140,중구
3110046,버티고개,11140,중구
3110045,동대문역사문화공원역 5번,11140,중구
3110044,관성묘,11140,중구
3110043,충무초등학교,11140,중구
3110042,남산골공원옆,11140,중구
3110041,남산케이블카,11140,중구
3110040,중구회현체육센터(정화예술대남산캠퍼스),11140,중구
3110039,회현역 1번,11140,중구
3110057,황학코아루아파트,11140,중구
3110058,성심여자고등학교,11170,용산구
3001491,이태원 관광특구,11170,용산구
3130062,보광시장,11170,용산구
3130061,이태원시장,11170,용산구
3130060,신흥시장,11170,용산구
3130059,후암시장,11170,용산구
3130058,이촌종합시장,11170,용산구
3130057,만리시장,11170,용산구
3130056,용산용문시장,11170,용산구
3120041,신용산역(용산역),11170,용산구
3120040,용산전자상가(용산역),11170,용산구
3120042,"숙대입구역(남영역, 남영동)",11170,용산구
3120047,한남오거리,11170,용산구
3120046,이태원(이태원역),11170,용산구
3120045,남영동 먹자골목,11170,용산구
3120044,삼각지역,11170,용산구
3110099,유엔빌리지길,11170,용산구
3110098,서울독일학교,11170,용산구
3110097,한남초등학교,11170,용산구
3110096,한남힐사이드아파트,11170,용산구
3110095,한강진역 3번,11170,용산구
3110094,오산중학교,11170,용산구
3110093,우사단길,11170,용산구
3110092,NH농협은행 보광동지점,11170,용산구
3110091,리움미술관,11170,용산구
3110090,한국폴리텍대학서울정수캠퍼스,11170,용산구
3110089,서빙고동주민센터,11170,용산구
3110088,오산고등학교,11170,용산구
3110087,이태원엔틱가구거리,11170,용산구
3110059,새남터성지,11170,용산구
3110079,후암동주민센터,11170,용산구
3110080,해방촌예술마을,11170,용산구
3110081,해방촌 남동측,11170,용산구
3110060,효창공원앞역 6번,11170,용산구
3110061,효창동주민센터,11170,용산구
3110062,한강로동땡땡거리(은행나무길),11170,용산구
3110063,효창공원앞역 5번,11170,용산구
3110064,효창공원앞역 2번,11170,용산구
3110082,용산구청,11170,용산구
3110083,서빙고역 1번,11170,용산구
3110084,경리단길북측,11170,용산구
3110085,경리단길남측,11170,용산구
3110086,이태원역 북측,11170,용산구
3110065,남정초등학교,11170,용산구
3110066,서울역 15번,11170,용산구
3110067,배문고등학교,11170,용산구
3110068,남영역 1번,11170,용산구
3110069,숙대입구,11170,용산구
3110070,용산세무서,11170,용산구
3110071,한강미주맨션아파트,11170,용산구
3110072,열정도,11170,용산구
3110073,삼각지역 3번,11170,용산구
3110074,서울역 12번,11170,용산구
3110075,숙대입구역 1번,11170,용산구
3110076,삼각지역 14번,11170,용산구
3110077,삼광초등학교,11170,용산구
3110078,이촌동점보아파트,11170,용산구
3110110,상왕십리역 6번,11200,성동구
3130073,뚝도시장,11200,성동구
3130072,성동용답상가시장,11200,성동구
3130071,성수역 골목형상점가,11200,성동구
3130069,"한양대앞상점가(한양시장, 왕십리맛골목)",11200,성동구
3130068,마장축산물시장,11200,성동구
3130070,뚝섬역상점가,11200,성동구
3130067,왕십리도선동상점가,11200,성동구
3130066,행당시장상점가,11200,성동구
3130065,무학봉상점가,11200,성동구
3130064,금남시장,11200,성동구
3130063,신금호역 골목형상점가,11200,성동구
3120052,성수역,11200,성동구
3120051,뚝섬역,11200,성동구
3120050,서울숲역,11200,성동구
3120049,왕십리역(왕십리),11200,성동구
3120048,금호역,11200,성동구
3110138,송정체육공원,11200,성동구
3110137,성수초등학교,11200,성동구
3110111,대현산장미원,11200,성동구
3110100,옥수동우편취급국,11200,성동구
3110101,옥정중학교,11200,성동구
3110102,옥수역 6번,11200,성동구
3110103,옥수터널,11200,성동구
3110104,신금호역 4번,11200,성동구
3110108,성동구립금호도서관,11200,성동구
3110109,금호삼성래미안아파트,11200,성동구
3110129,성원어린이공원,11200,성동구
3110130,답십리역 6번,11200,성동구
3110131,성수동카페거리,11200,성동구
3110132,성수2가3동주민센터,11200,성동구
3110136,경수초등학교,11200,성동구
3110105,금동어린이공원,11200,성동구
3110106,금북초등학교,11200,성동구
3110107,금호사거리,11200,성동구
3110112,행당역 2번,11200,성동구
3110113,응봉산,11200,성동구
3110114,왕십리파출소,11200,성동구
3110133,서울교통공사,11200,성동구
3110134,성수119안전센터,11200,성동구
3110135,성동세무서,11200,성동구
3110115,상왕십리역 3번,11200,성동구
3110116,청계천박물관,11200,성동구
3110117,성동구보건소,11200,성동구
3110118,왕십리역 9번,11200,성동구
3110119,마장지하차도,11200,성동구
3110120,서울숲카페거리,11200,성동구
3110121,한양대역 4번,11200,성동구
3110122,마장역 2번,11200,성동구
3110123,마장역 3번,11200,성동구
3110124,뚝섬역교차로,11200,성동구
3110125,사근동살곶이상점가,11200,성동구
3110126,서울숲역 1번,11200,성동구
3110127,성수1가1동주민센터,11200,성동구
3110128,성원중학교,11200,성동구
3110157,자양동우체국,11215,광진구
3130076,능동로골목시장,11215,광진구
3130075,노룬산시장(노룬산골목시장),11215,광진구
3130074,영동교골목시장,11215,광진구
3130084,신성시장(신성골목시장),11215,광진구
3130083,"중곡제일시장(중곡제일골목시장, 광성시장)",11215,광진구
3130082,면곡골목시장,11215,광진구
3130081,자양골목전통시장(자양골목시장),11215,광진구
3130080,자양종합시장(기능상실),11215,광진구
3130079,한아름시장,11215,광진구
3130078,화양제일골목시장,11215,광진구
3130077,조양시장,11215,광진구
3120061,올림픽대교북단,11215,광진구
3120060,강변역(테크노마트),11215,광진구
3120059,구삼강변맛길,11215,광진구
3120058,구의사거리,11215,광진구
3120057,아차산역,11215,광진구
3120056,구의역,11215,광진구
3120055,군자역,11215,광진구
3120054,어린이대공원역,11215,광진구
3120053,건대입구역(건대),11215,광진구
3110158,중곡3동주민센터,11215,광진구
3110159,구의역 4번,11215,광진구
3110160,광진경찰서,11215,광진구
3110139,자양4동주민센터,11215,광진구
3110140,건대입구역 6번,11215,광진구
3110141,건대입구역 1번,11215,광진구
3110142,화양사거리,11215,광진구
3110144,어린이대공원역 4번,11215,광진구
3110145,장안초등학교,11215,광진구
3110146,신자초등학교,11215,광진구
3110147,능동우편취급국,11215,광진구
3110148,어린이대공원역 3번,11215,광진구
3110149,세종대학교,11215,광진구
3110150,중곡1동 마을마당,11215,광진구
3110151,자양한강도서관,11215,광진구
3110152,중곡어린이공원,11215,광진구
3110153,중곡1동주민센터,11215,광진구
3110156,군자역 5번,11215,광진구
3110174,아차산역 1번,11215,광진구
3110175,푸른동산공원,11215,광진구
3110178,장로회신학대학교,11215,광진구
3110179,광나루역 1번,11215,광진구
3110154,광진정말공원,11215,광진구
3110155,광진구청,11215,광진구
3110161,중곡역 3번,11215,광진구
3110162,군자역 4번,11215,광진구
3110143,뚝섬유원지역 1번,11215,광진구
3110176,해오름공원,11215,광진구
3110177,동의초등학교,11215,광진구
3110163,성자초등학교,11215,광진구
3110164,아차산역 5번,11215,광진구
3110165,국립정신건강센터,11215,광진구
3110166,구의1동주민센터,11215,광진구
3110167,용마초등학교,11215,광진구
3110168,대원고등학교,11215,광진구
3110169,성동초등학교,11215,광진구
3110170,동대부여고,11215,광진구
3110171,중곡4동주민센터,11215,광진구
3110172,광진초등학교,11215,광진구
3110173,구남초등학교,11215,광진구
3110180,광진정보도서관,11215,광진구
3110181,신설동역 9번,11230,동대문구
3130104,전곡시장,11230,동대문구
3130103,이경시장,11230,동대문구
3130099,전농로터리시장,11230,동대문구
3130098,회기시장,11230,동대문구
3130102,이문제일시장,11230,동대문구
3130101,답십리현대시장,11230,동대문구
3130100,답십리시장,11230,동대문구
3130097,답십리 건축자재시장,11230,동대문구
3130096,동부시장,11230,동대문구
3130095,청량리전통시장,11230,동대문구
3130094,청량리청과물시장,11230,동대문구
3130093,동서시장,11230,동대문구
3130092,청량리농수산물시장,11230,동대문구
3130091,청량종합도매시장,11230,동대문구
3130090,청량리종합시장,11230,동대문구
3130089,청량리수산시장,11230,동대문구
3130088,경동시장,11230,동대문구
3130087,경동광성상가(경동시장),11230,동대문구
3130086,서울약령시장,11230,동대문구
3130085,용두시장,11230,동대문구
3120067,장안동사거리,11230,동대문구
3120066,장한평역(장한평),11230,동대문구
3120065,회기역,11230,동대문구
3120064,경희대학교(경희대),11230,동대문구
3120063,청량리역(청량리),11230,동대문구
3120062,신설동역,11230,동대문구
3110227,답십리공원,11230,동대문구
3110226,장안1동주민센터,11230,동대문구
3110222,회기역 2번,11230,동대문구
3110182,용두희망어린이공원,11230,동대문구
3110183,한국의류시험연구원,11230,동대문구
3110206,텃골근린공원,11230,동대문구
3110207,시립대앞사거리,11230,동대문구
3110208,시조사삼거리,11230,동대문구
3110209,답십리 장령당공원,11230,동대문구
3110184,용두사거리,11230,동대문구
3110185,용두초등학교,11230,동대문구
3110186,종암초등학교,11230,동대문구
3110187,제기동역 6번,11230,동대문구
3110188,용두동신동아아파트,11230,동대문구
3110189,제기동역 1번,11230,동대문구
3110190,고대앞사거리,11230,동대문구
3110195,동대문구청,11230,동대문구
3110196,홍릉근린공원,11230,동대문구
3110197,세종대왕기념관교차로,11230,동대문구
3110198,동대문중앙새마을금고본점,11230,동대문구
3110199,홍릉시장,11230,동대문구
3110200,동대문경찰서,11230,동대문구
3110201,전농119안전센터,11230,동대문구
3110202,전농1동주민센터(전농시장),11230,동대문구
3110203,떡전교사거리,11230,동대문구
3110191,고려대역 6번,11230,동대문구
3110192,동의보감타워,11230,동대문구
3110193,고려대역 4번,11230,동대문구
3110194,홍파초등학교,11230,동대문구
3110204,간데메공원,11230,동대문구
3110205,경희대삼거리,11230,동대문구
3110228,장안근린공원,11230,동대문구
3110229,장평중학교,11230,동대문구
3110230,장안현대홈타운1차아파트,11230,동대문구
3110231,장안교,11230,동대문구
3110232,동대부고,11230,동대문구
3110223,군자초등학교,11230,동대문구
3110224,외대앞역 2번,11230,동대문구
3110225,촬영소사거리,11230,동대문구
3110210,서울시립대,11230,동대문구
3110211,전곡마을마당공원,11230,동대문구
3110212,답십리초등학교,11230,동대문구
3110213,청량초등학교,11230,동대문구
3110214,경희대후문,11230,동대문구
3110215,회기역 1번,11230,동대문구
3110216,전농중학교,11230,동대문구
3110217,자동차부품상가,11230,동대문구
3110218,답십리사거리,11230,동대문구
3110219,삼육보건대학교,11230,동대문구
3110220,외대앞역 1번,11230,동대문구
3110254,오거리공원,11260,중랑구
3130108,태능엔터피아(태릉시장),11260,중랑구
3130107,중랑동부시장(중랑교종합상가),11260,중랑구
3130106,중랑동부시장,11260,중랑구
3130105,장미제일시장(중화동제일시장),11260,중랑구
3130116,동성타워프라자,11260,중랑구
3130115,우림골목시장,11260,중랑구
3130114,유영시장,11260,중랑구
3130113,신아타운,11260,중랑구
3130112,사가정시장,11260,중랑구
3130111,"동원전통종합시장(동원시장, 동원전통시장 상점가)",11260,중랑구
3130110,면목골목시장(면목시장),11260,중랑구
3130109,묵1동도깨비시장,11260,중랑구
3120069,상봉역,11260,중랑구
3120068,사가정역,11260,중랑구
3110279,신내역 2번,11260,중랑구
3110276,신내IC북측,11260,중랑구
3110275,하나은행 망우동지점,11260,중랑구
3110274,서일대학교,11260,중랑구
3110271,신내역 1번,11260,중랑구
3110270,혜원여고,11260,중랑구
3110269,용마문화복지센터,11260,중랑구
3110268,망우3동주민센터,11260,중랑구
3110267,망우역 2번,11260,중랑구
3110266,면목동우체국,11260,중랑구
3110265,망우역 1번,11260,중랑구
3110264,면목역 2번,11260,중랑구
3110263,면목역 1번,11260,중랑구
3110262,상봉역 3번,11260,중랑구
3110261,사가정역 4번,11260,중랑구
3110260,면목역 3번,11260,중랑구
3110259,사가정역 1번,11260,중랑구
3110258,면동초등학교,11260,중랑구
3110257,상봉역 7번,11260,중랑구
3110256,면목2동체육관,11260,중랑구
3110273,장스여성병원,11260,중랑구
3110272,신내1동주민센터,11260,중랑구
3110278,망우본동주민센터,11260,중랑구
3110277,러스크서울병원,11260,중랑구
3110253,중곡초등학교,11260,중랑구
3110252,장안제일시장,11260,중랑구
3110251,장안중학교,11260,중랑구
3110242,면목5동주민센터,11260,중랑구
3110241,먹골역 5번,11260,중랑구
3110240,태릉시장 특화거리,11260,중랑구
3110250,화랑대역 7번,11260,중랑구
3110249,중화역 1번,11260,중랑구
3110248,먹골파출소,11260,중랑구
3110247,먹골역 1번,11260,중랑구
3110246,월드순복음교회,11260,중랑구
3110245,KB국민은행 중화동지점,11260,중랑구
3110244,중화역 4번,11260,중랑구
3110243,중랑노인종합복지관,11260,중랑구
3110239,중랑역 2번,11260,중랑구
3110238,배꽃어린이공원,11260,중랑구
3110237,메가박스 상봉,11260,중랑구
3110236,신묵초등학교,11260,중랑구
3110235,세화어린이공원,11260,중랑구
3110234,중랑역 4번,11260,중랑구
3110233,중랑역 1번,11260,중랑구
3110255,상봉역 4번,11260,중랑구
3110221,의릉,11290,성북구
3130128,돌곶이시장(석관황금시장),11290,성북구
3130127,석관시장,11290,성북구
3130126,새석관시장,11290,성북구
3130125,장위전통시장,11290,성북구
3130124,번동시장,11290,성북구
3130122,밤나무골시장,11290,성북구
3130121,길음시장,11290,성북구
3130120,돈암시장(돈암제일시장),11290,성북구
3130123,꿈의숲 장곡 골목형상점가,11290,성북구
3130119,정릉아리랑시장,11290,성북구
3130118,정릉골 골목형상점가,11290,성북구
3130117,정릉시장,11290,성북구
3120075,월곡역,11290,성북구
3120074,안암역,11290,성북구
3120073,미아사거리,11290,성북구
3120072,성신여대,11290,성북구
3120071,성북구청,11290,성북구
3120070,한성대입구역,11290,성북구
3110336,석관고등학교,11290,성북구
3110335,석계역 7번,11290,성북구
3110334,석관중앙교회,11290,성북구
3110333,돌곶이역 5번,11290,성북구
3110332,돌곶이역 3번,11290,성북구
3110331,돌곶이역 8번,11290,성북구
3110330,돌곶이역 1번,11290,성북구
3110329,우리은행체육관,11290,성북구
3110328,상월곡역 3번,11290,성북구
3110327,상월곡역 2번,11290,성북구
3110326,장위동성당,11290,성북구
3110325,장곡초등학교,11290,성북구
3110324,월곡역 4번,11290,성북구
3110320,KB국민은행 종암동지점,11290,성북구
3110321,동덕여대,11290,성북구
3110322,장위1동주민센터,11290,성북구
3110323,상월곡역 1번,11290,성북구
3110280,북정마을,11290,성북구
3110281,길상사,11290,성북구
3110282,국민대학교앞,11290,성북구
3110283,성북초등학교앞,11290,성북구
3110284,정릉북한산국립공원입구,11290,성북구
3110285,홍대부중,11290,성북구
3110286,한성대입구역 5번,11290,성북구
3110287,정릉3동주민센터,11290,성북구
3110288,동구여중,11290,성북구
3110289,북한산보국문역 2번,11290,성북구
3110290,북한산보국문역 1번,11290,성북구
3110298,솔숲어린이공원,11290,성북구
3110299,정릉역 1번,11290,성북구
3110300,삼선동주민센터,11290,성북구
3110301,성신여대입구역 7번,11290,성북구
3110302,보문역 8번,11290,성북구
3110303,성신여대입구역 1번,11290,성북구
3110304,보문역 4번,11290,성북구
3110305,보문역 5번,11290,성북구
3110306,미아초등학교,11290,성북구
3110307,길음역 7번,11290,성북구
3110308,길음역 8번,11290,성북구
3110309,대광초등학교,11290,성북구
3110291,한성대입구역 3번,11290,성북구
3110292,정릉역 2번,11290,성북구
3110293,삼선중학교,11290,성북구
3110294,서경대학교,11290,성북구
3110295,정릉우체국,11290,성북구
3110296,성신여대입구역 4번,11290,성북구
3110297,경동고등학교,11290,성북구
3110310,길음역 10번,11290,성북구
3110311,종암아이파크2차후문,11290,성북구
3110312,안암역 2번,11290,성북구
3110313,안암역 3번,11290,성북구
3110314,종암경찰서,11290,성북구
3110315,종암아이파크2차,11290,성북구
3110316,숭곡초등학교,11290,성북구
3110317,종암중학교,11290,성북구
3110318,KT월곡지사,11290,성북구
3110319,종암동주민센터,11290,성북구
3110353,수유동우체국,11305,강북구
3130130,수유북부골목시장,11305,강북구
3130129,장미원골목시장,11305,강북구
3130143,방천골목시장,11305,강북구
3130142,강북북부시장,11305,강북구
3130141,강북북부골목시장,11305,강북구
3130140,숭인시장,11305,강북구
3130139,강북종합전통시장(강북종합골목시장),11305,강북구
3130138,수유프라자,11305,강북구
3130137,"수유전통시장(수유시장, 수유골목시장)",11305,강북구
3130136,수유재래시장,11305,강북구
3130135,수유중앙골목시장(수유중앙시장),11305,강북구
3130134,"솔샘시장(미아6,7동골목시장)",11305,강북구
3130133,우이골목시장(우이시장),11305,강북구
3130132,삼양골목시장(삼양시장),11305,강북구
3130131,동북프라자,11305,강북구
3120078,미아사거리역,11305,강북구
3120077,미아역,11305,강북구
3120076,수유역,11305,강북구
3110381,번동주공2단지,11305,강북구
3110380,강북문화정보도서관,11305,강북구
3110379,KT&G 북부지사,11305,강북구
3110378,송중동주민센터,11305,강북구
3110377,미아사거리역 3번,11305,강북구
3110376,수송초등학교,11305,강북구
3110375,서울북부고용노동지청,11305,강북구
3110374,송중초등학교,11305,강북구
3110373,수유역 2번,11305,강북구
3110354,삼각산119안전센터,11305,강북구
3110347,구세군강북종합사회복지관,11305,강북구
3110348,강북문화예술회관,11305,강북구
3110349,화계역 2번,11305,강북구
3110337,아카데미하우스,11305,강북구
3110338,인수초등학교,11305,강북구
3110339,국립4.19민주묘지,11305,강북구
3110340,인수중학교,11305,강북구
3110341,북한산우이역 2번,11305,강북구
3110342,국립재활원,11305,강북구
3110343,무너미어린이공원,11305,강북구
3110344,화계중학교,11305,강북구
3110366,광산사거리,11305,강북구
3110345,솔밭공원역 2번,11305,강북구
3110346,4.19민주묘지역 2번,11305,강북구
3110350,가오리역 2번,11305,강북구
3110351,수유북부시장옆,11305,강북구
3110352,수유1동주민센터,11305,강북구
3110371,삼양입구사거리,11305,강북구
3110372,강북중학교,11305,강북구
3110355,삼양사거리역 2번,11305,강북구
3110356,덕수교,11305,강북구
3110357,가오리역 1번,11305,강북구
3110360,수유초등학교,11305,강북구
3110361,삼양사거리역 1번,11305,강북구
3110362,우이천 계성교,11305,강북구
3110363,송천동주민센터,11305,강북구
3110364,미아역 8번,11305,강북구
3110365,미아역 5번,11305,강북구
3110358,인수동 우편취급국,11305,강북구
3110359,수유시장옆,11305,강북구
3110367,강북구청,11305,강북구
3110368,송천초등학교,11305,강북구
3110369,성신여대운정그린캠퍼스,11305,강북구
3110370,도봉세무서,11305,강북구
3110396,쌍문역1번(쌍리단길),11320,도봉구
3130150,창동골목시장,11320,도봉구
3130153,창동역상점가,11320,도봉구
3130152,오!도봉거리 상점가,11320,도봉구
3130151,신도봉시장,11320,도봉구
3130149,창동신창시장,11320,도봉구
3130148,방학동도깨비시장,11320,도봉구
3130147,쌍문역동측상점가,11320,도봉구
3130146,쌍문시장(쌍문역골목시장),11320,도봉구
3130145,쌍문역둘리상점가,11320,도봉구
3130144,백운시장,11320,도봉구
3120079,창동역,11320,도봉구
3110408,가인초등학교,11320,도봉구
3110407,도봉역 2번,11320,도봉구
3110406,도봉산역 1번,11320,도봉구
3110413,누원고등학교,11320,도봉구
3110405,방학역 1번,11320,도봉구
3110404,신창초등학교,11320,도봉구
3110403,방학1동주민센터,11320,도봉구
3110402,도봉구 정병원,11320,도봉구
3110401,도봉구민회관,11320,도봉구
3110400,도봉구보건소,11320,도봉구
3110412,창동중학교,11320,도봉구
3110411,도봉역 3번,11320,도봉구
3110410,방학역 2번,11320,도봉구
3110409,창동역 2번,11320,도봉구
3110395,신한은행 방학동지점,11320,도봉구
3110394,방학중학교,11320,도봉구
3110389,한일병원,11320,도봉구
3110388,도봉우체국,11320,도봉구
3110387,쌍문초등학교,11320,도봉구
3110386,연산군묘,11320,도봉구
3110385,효문고등학교,11320,도봉구
3110397,도봉산입구,11320,도봉구
3110398,쌍문2동우체국,11320,도봉구
3110399,창2동주민센터,11320,도봉구
3110390,방학초등학교,11320,도봉구
3110391,샘말어린이공원,11320,도봉구
3110392,발바닥공원,11320,도봉구
3110393,국민은행방학지점,11320,도봉구
3110382,솔밭공원역 1번,11320,도봉구
3110383,덕성여대시반거리,11320,도봉구
3110384,문이교,11320,도봉구
3110430,중계초등학교,11350,노원구
3130159,공릉동 도깨비시장,11350,노원구
3130158,상계역전종합상가,11350,노원구
3130157,상계중앙시장,11350,노원구
3130156,시영2단지 무지개종합상가(중계 무지개2단지아파트상가),11350,노원구
3130155,시영B상가(중계 그린아파트 B 상가),11350,노원구
3130154,상계주공1단지(가)상가,11350,노원구
3120083,등나무근린공원,11350,노원구
3120082,상계백병원,11350,노원구
3120081,노원역,11350,노원구
3120086,태릉입구역,11350,노원구
3120085,은행사거리,11350,노원구
3120084,공릉역,11350,노원구
3120080,마들역,11350,노원구
3110418,광운대학교 남단,11350,노원구
3110417,월계역 3번,11350,노원구
3110416,노원초등학교,11350,노원구
3110435,서울과학기술대,11350,노원구
3110434,태릉입구역 4번,11350,노원구
3110433,공릉역 2번,11350,노원구
3110432,대진고등학교,11350,노원구
3110429,공릉동 국수거리,11350,노원구
3110420,광운대역 1번,11350,노원구
3110419,수락산디자인거리,11350,노원구
3110428,상계5동주민센터,11350,노원구
3110427,노원 을지대학교병원,11350,노원구
3110426,상계2동주민센터,11350,노원구
3110425,계상초등학교,11350,노원구
3110442,화랑대철도공원,11350,노원구
3110441,영신여고,11350,노원구
3110440,상계3동4동주민센터,11350,노원구
3110439,당고개역 5번,11350,노원구
3110424,상계초등학교,11350,노원구
3110415,수락산역 4번,11350,노원구
3110414,장석교회,11350,노원구
3110423,석계역 2번,11350,노원구
3110438,경춘선숲길 우측,11350,노원구
3110437,당고개역 2번,11350,노원구
3110436,상계제일중학교,11350,노원구
3110422,노원역 9번,11350,노원구
3110421,석계역 1번,11350,노원구
3110431,상계역,11350,노원구
3110480,연신내역 3번,11380,은평구
3130168,연서시장,11380,은평구
3130167,연신내상점가(연빛거리),11380,은평구
3130166,응암시장(신응암시장),11380,은평구
3130165,"대림골목시장(대림시장, 양지시장)",11380,은평구
3130171,불광먹자골목 골목형상점가,11380,은평구
3130170,제일시장,11380,은평구
3130169,대조시장,11380,은평구
3130164,역촌중앙시장,11380,은평구
3130163,응암오거리상점가,11380,은평구
3130162,증산골목시장,11380,은평구
3130161,증산종합시장,11380,은평구
3130160,수일시장,11380,은평구
3120092,불광역,11380,은평구
3120091,본서부병원,11380,은평구
3120090,연신내역,11380,은평구
3120089,구파발역,11380,은평구
3120088,구산역,11380,은평구
3120087,응암역,11380,은평구
3110467,은평요양병원,11380,은평구
3110466,구산역 2번,11380,은평구
3110465,연신내역 7번,11380,은평구
3110469,응암정보도서관,11380,은평구
3110468,응암역 3번,11380,은평구
3110482,연신초등학교,11380,은평구
3110479,연신내역 2번,11380,은평구
3110454,선정중학교,11380,은평구
3110453,신사1동주민센터,11380,은평구
3110478,응암1동주민센터,11380,은평구
3110477,은평세무서,11380,은평구
3110446,내를건너서숲으로도서관,11380,은평구
3110445,덕산중학교,11380,은평구
3110444,수색성당,11380,은평구
3110452,새절역 3번,11380,은평구
3110443,수색역 1번,11380,은평구
3110464,연신내역 5번,11380,은평구
3110463,응암3동주민센터,11380,은평구
3110462,갈현건영아파트,11380,은평구
3110476,역촌역 2번,11380,은평구
3110475,백련산해모로아파트,11380,은평구
3110490,녹번동근린공원,11380,은평구
3110489,불광역 3번,11380,은평구
3110488,우리은행응암동지점,11380,은평구
3110451,증산역 4번,11380,은평구
3110474,세명컴퓨터고등학교,11380,은평구
3110450,시립서북병원,11380,은평구
3110461,새절역 2번,11380,은평구
3110460,구산역 4번,11380,은평구
3110459,응암역 2번,11380,은평구
3110458,선일여고,11380,은평구
3110487,불광역 8번,11380,은평구
3110486,은평구청,11380,은평구
3110485,연신내우체국,11380,은평구
3110449,증산역 3번,11380,은평구
3110473,구산역 1번,11380,은평구
3110472,연신내역 4번,11380,은평구
3110448,상신초등학교입구,11380,은평구
3110447,구산초등학교,11380,은평구
3110492,하나고등학교,11380,은평구
3110491,불광중학교,11380,은평구
3110471,응암동우체국,11380,은평구
3110470,신진과학기술고등학교,11380,은평구
3110484,역촌역 3번,11380,은평구
3110483,연천초등학교,11380,은평구
3110457,예일여고,11380,은평구
3110456,구산보건지소,11380,은평구
3110455,역촌노인복지관,11380,은평구
3110481,불광역 7번,11380,은평구
3110505,홍남교남측,11410,서대문구
3130181,아현가구거리상점가,11410,서대문구
3130182,영천시장,11410,서대문구
3130180,포방터시장,11410,서대문구
3130179,"이화여대 3,5,7길 상점가",11410,서대문구
3130178,이대 앞 스타트업 상점가,11410,서대문구
3130177,인왕시장(홍제골목형상점가),11410,서대문구
3130176,유진상가,11410,서대문구
3130175,신촌 상인회(신촌상점가),11410,서대문구
3130174,연희사러가,11410,서대문구
3130173,백련시장,11410,서대문구
3130172,모래내시장(서중시장),11410,서대문구
3120097,충정로역,11410,서대문구
3120095,홍제역,11410,서대문구
3120096,"이화여대(이대역, 이대)",11410,서대문구
3120094,"신촌역(신촌역, 신촌로터리)",11410,서대문구
3120093,연희동,11410,서대문구
3110514,서대문우체국,11410,서대문구
3110530,아현역 1번,11410,서대문구
3110533,충정로역 7번,11410,서대문구
3110532,아현역 2번,11410,서대문구
3110504,명지전문대,11410,서대문구
3110503,명지대학교교회,11410,서대문구
3110502,남가좌파출소,11410,서대문구
3110501,연희어린이공원,11410,서대문구
3110529,홍제3동주민센터,11410,서대문구
3110516,정원여중,11410,서대문구
3110515,홍은중학교,11410,서대문구
3110513,연희파출소,11410,서대문구
3110512,연희지하차도,11410,서대문구
3110511,연희초등학교,11410,서대문구
3110528,서울여자간호대학교,11410,서대문구
3110527,홍제역 2번,11410,서대문구
3110500,남가좌동현대아파트,11410,서대문구
3110499,연가초등학교,11410,서대문구
3110498,증산역 1번,11410,서대문구
3110526,봉원사,11410,서대문구
3110510,홍연시장,11410,서대문구
3110509,연희대우아파트앞,11410,서대문구
3110497,가좌역 3번,11410,서대문구
3110525,홍은종합사회복지관,11410,서대문구
3110539,미근동,11410,서대문구
3110538,충정로역 3번,11410,서대문구
3110537,충정로현대아파트,11410,서대문구
3110536,돈의문센트레빌아파트입구,11410,서대문구
3110496,모래내우체국,11410,서대문구
3110524,연희세브란스병원,11410,서대문구
3110523,홍제성원아파트,11410,서대문구
3110522,홍제역 3번,11410,서대문구
3110521,홍제역 4번,11410,서대문구
3110495,북가좌2동주민센터,11410,서대문구
3110494,증산3교남측,11410,서대문구
3110520,경의중앙 신촌역,11410,서대문구
3110519,서대문구보건소별관,11410,서대문구
3110535,영천시장입구,11410,서대문구
3110534,경기대학교,11410,서대문구
3110508,서연중학교,11410,서대문구
3110507,명지대학교,11410,서대문구
3110493,북가좌초등학교,11410,서대문구
3110518,서대문구청,11410,서대문구
3110517,서대문소방서,11410,서대문구
3110506,연희임광아파트,11410,서대문구
3110566,경의선책거리,11440,마포구
3130193,신수시장,11440,마포구
3130192,동진시장,11440,마포구
3130191,홍대 걷고싶은 거리,11440,마포구
3130198,아현시장,11440,마포구
3130197,마포시장,11440,마포구
3130196,공덕시장,11440,마포구
3130195,도화동 상점가,11440,마포구
3130194,용강동 상점가,11440,마포구
3130190,홍대소상공인상점가,11440,마포구
3130189,서교시장,11440,마포구
3130188,합정시장,11440,마포구
3130187,영진시장,11440,마포구
3130186,망원시장,11440,마포구
3130185,망원월드컵시장,11440,마포구
3130184,마포농수산물시장,11440,마포구
3130183,상암동상점가,11440,마포구
3120099,월드컵경기장역(월드컵경기장),11440,마포구
3120098,DMC(디지털미디어시티),11440,마포구
3120107,공덕역(공덕오거리),11440,마포구
3120106,마포역,11440,마포구
3120104,연남동(홍대),11440,마포구
3120103,홍대입구역(홍대),11440,마포구
3120102,서교동(홍대),11440,마포구
3120105,상수역(홍대),11440,마포구
3120101,합정역,11440,마포구
3120100,망원역,11440,마포구
3110563,상수역 3번,11440,마포구
3110562,연트럴파크(연남동주민센터),11440,마포구
3110579,마포역 4번,11440,마포구
3110590,만리재,11440,마포구
3110552,성미산체육관,11440,마포구
3110551,성서초등학교,11440,마포구
3110578,대흥역 2번,11440,마포구
3110577,용강동주민센터,11440,마포구
3110565,홍익대,11440,마포구
3110564,홍대입구역 3번,11440,마포구
3110559,성산중학교,11440,마포구
3110558,경성고등학교,11440,마포구
3110557,홍대부속여중고앞,11440,마포구
3110576,대흥역 3번,11440,마포구
3110575,대흥동주민센터,11440,마포구
3110550,합정역 8번,11440,마포구
3110549,새터산,11440,마포구
3110574,서강대학교,11440,마포구
3110573,신촌역 6번,11440,마포구
3110541,동교초등학교,11440,마포구
3110540,망원나들목체육관,11440,마포구
3110556,절두산순교성지,11440,마포구
3110572,서강대역 1번,11440,마포구
3110571,신수동주민센터,11440,마포구
3110589,애오개역 3번,11440,마포구
3110588,한겨레신문사,11440,마포구
3110548,마포구청역 4번,11440,마포구
3110570,KB국민은행 서강지점,11440,마포구
3110569,홍대땡땡거리,11440,마포구
3110547,KB국민은행 망원동지점,11440,마포구
3110546,양화대교북단,11440,마포구
3110561,상수역 4번,11440,마포구
3110560,마포FM,11440,마포구
3110587,공덕동주민센터,11440,마포구
3110586,서울서부지방법원,11440,마포구
3110585,마포경찰서,11440,마포구
3110568,광흥창역 1번,11440,마포구
3110567,광흥창역 6번,11440,마포구
3110583,공덕래미안3차아파트,11440,마포구
3110582,이대역 5번,11440,마포구
3110581,염리초등학교,11440,마포구
3110580,양원초등학교,11440,마포구
3110555,홍익지구대,11440,마포구
3110554,망원역 1번,11440,마포구
3110553,가좌역 2번,11440,마포구
3110584,아현역 4번,11440,마포구
3110545,마포구청역 1번,11440,마포구
3110544,망리단길,11440,마포구
3110543,중암중학교,11440,마포구
3110542,마포구청역 7번,11440,마포구
3110593,신월3동주민센터,11470,양천구
3130211,신정2동 골목시장(오목교중앙시장),11470,양천구
3130210,목2동시장,11470,양천구
3130209,목사랑시장(목4동시장),11470,양천구
3130208,목동깨비시장(목3동시장),11470,양천구
3130207,신정1동 골목시장(신정제일시장),11470,양천구
3130206,신정3동 골목시장,11470,양천구
3130205,신곡종합시장(신월6동 골목시장),11470,양천구
3130204,경창시장,11470,양천구
3130203,서서울 골목형상점가,11470,양천구
3130202,신영시장,11470,양천구
3130201,월정로시장,11470,양천구
3130200,"신월7동 골목시장(약수시장, 우성상가)",11470,양천구
3130199,신월3동 골목시장,11470,양천구
3120114,목동신시가지,11470,양천구
3120113,오목교역,11470,양천구
3120112,등촌역,11470,양천구
3120110,목동역 8번출구,11470,양천구
3120109,서울남부지방법원,11470,양천구
3120108,신정네거리역,11470,양천구
3110622,달마을공원,11470,양천구
3110621,목동역 5번,11470,양천구
3110620,목동보건지소,11470,양천구
3110607,금빛새마을금고본점,11470,양천구
3110606,신한은행 신월동지점,11470,양천구
3110605,목동센트럴아이파크앞,11470,양천구
3110604,신월4동주민센터,11470,양천구
3110619,목4동주민센터,11470,양천구
3110618,강서고등학교,11470,양천구
3110617,등촌역 4번,11470,양천구
3110611,신정역 1번,11470,양천구
3110603,지향초등학교,11470,양천구
3110602,신월시영아파트중문,11470,양천구
3110601,신월1동우편취급국,11470,양천구
3110600,신월7동주민센터,11470,양천구
3110628,신목동역,11470,양천구
3110627,신정롯데캐슬아파트,11470,양천구
3110599,신월1파출소,11470,양천구
3110598,신월문화체육센터,11470,양천구
3110597,신월1동주민센터,11470,양천구
3110596,서서울호수공원,11470,양천구
3110616,양목초등학교,11470,양천구
3110615,신서초등학교,11470,양천구
3110614,목동로데오거리,11470,양천구
3110613,신정네거리역 4번,11470,양천구
3110612,신정역 5번,11470,양천구
3110626,양화초등학교,11470,양천구
3110625,신정2동주민센터,11470,양천구
3110624,목동문화체육센터,11470,양천구
3110623,갈산공원,11470,양천구
3110610,계남근린공원,11470,양천구
3110609,신정네거리역 2번,11470,양천구
3110608,신월2동주민센터,11470,양천구
3110592,서울금융고등학교,11470,양천구
3110595,메디힐병원,11470,양천구
3110594,신월중학교,11470,양천구
3110663,우장산롯데캐슬아파트앞,11500,강서구
3130214,송화벽화시장(송화골목시장),11500,강서구
3130213,방신전통시장,11500,강서구
3130212,공항시장,11500,강서구
3130221,"남부골목시장(남부화곡시장, 남부시장)",11500,강서구
3130220,등마루시장,11500,강서구
3130219,까치산시장,11500,강서구
3130218,신월중앙시장,11500,강서구
3130217,화곡본동시장,11500,강서구
3130216,화곡중앙시장,11500,강서구
3130215,대원종합시장,11500,강서구
3120119,발산역(마곡),11500,강서구
3120118,마곡역(마곡),11500,강서구
3120117,강서농산물도매시장,11500,강서구
3120122,강서구청,11500,강서구
3120121,까치산역,11500,강서구
3120120,화곡역,11500,강서구
3120116,송정역,11500,강서구
3120115,김포공항역(김포공항),11500,강서구
3120111,목동사거리,11500,강서구
3110638,신방화역 2번,11500,강서구
3110637,송정역 2번,11500,강서구
3110636,방화역 2번,11500,강서구
3110635,공항시장역 3번,11500,강서구
3110642,정곡초등학교,11500,강서구
3110641,공항고등학교,11500,강서구
3110640,방화역 1번,11500,강서구
3110639,신방화역 8번,11500,강서구
3110679,염창역 2번,11500,강서구
3110678,염창무학아파트,11500,강서구
3110677,등촌역 1번,11500,강서구
3110676,등촌역 7번,11500,강서구
3110675,화곡4동주민센터,11500,강서구
3110662,까치산역 1번,11500,강서구
3110661,강서새말어린이공원,11500,강서구
3110634,송정역 3번,11500,강서구
3110633,개화산역 1번,11500,강서구
3110632,방화역 3번,11500,강서구
3110660,등촌3동주민센터,11500,강서구
3110652,양천향교역 2번,11500,강서구
3110651,화원중학교,11500,강서구
3110650,우장산힐스테이트,11500,강서구
3110649,우장산역 1번,11500,강서구
3110674,강서구청가양동별관,11500,강서구
3110673,뜸부기어린이공원,11500,강서구
3110672,백석중학교,11500,강서구
3110671,등촌1동주민센터,11500,강서구
3110659,화곡역 4번,11500,강서구
3110658,화곡초등학교,11500,강서구
3110657,양천향교역 5번,11500,강서구
3110656,까치산역 3번,11500,강서구
3110631,방화초등학교,11500,강서구
3110630,공항시장역 1번,11500,강서구
3110629,송정역 4번,11500,강서구
3110648,양천향교역 7번,11500,강서구
3110647,화곡역 5번,11500,강서구
3110646,푸른들청소년도서관,11500,강서구
3110670,신곡초등학교,11500,강서구
3110669,화곡보람2차아파트,11500,강서구
3110668,화곡2동주민센터,11500,강서구
3110655,발산역 5번,11500,강서구
3110654,까치산역 4번,11500,강서구
3110653,화곡역 2번,11500,강서구
3110645,우장산역 4번,11500,강서구
3110644,신광명마을,11500,강서구
3110643,강서구다솔마을,11500,강서구
3110667,가양역 10번,11500,강서구
3110666,KC대학교,11500,강서구
3110665,곰달래도서관,11500,강서구
3110664,강서구청옆,11500,강서구
3110692,큰굴다리,11530,구로구
3130222,오류시장,11530,구로구
3130230,가리봉시장,11530,구로구
3130229,남구로시장,11530,구로구
3130228,구로시장,11530,구로구
3130227,고척골목시장상점가(그라운드 고척),11530,구로구
3130226,고척프라자,11530,구로구
3130225,개봉중앙시장,11530,구로구
3130224,개봉프라자(고척근린시장),11530,구로구
3130223,고척근린시장,11530,구로구
3120130,구로디지털단지역,11530,구로구
3120129,구로디지털단지,11530,구로구
3120128,신도림역,11530,구로구
3120125,구로역,11530,구로구
3120124,개봉동 현대아파트,11530,구로구
3120127,구로구청,11530,구로구
3120126,디지털단지오거리,11530,구로구
3120123,오류동역,11530,구로구
3110698,개웅초등학교(개웅중학교),11530,구로구
3110697,개봉3동주민센터,11530,구로구
3110721,가리봉파출소,11530,구로구
3110720,대림역 2번,11530,구로구
3110719,영서중학교,11530,구로구
3110691,개봉중학교,11530,구로구
3110690,오류2동버들시장,11530,구로구
3110689,오류동역 3번,11530,구로구
3110680,온수역 5번(온수산업단지),11530,구로구
3110718,한국SGI본부,11530,구로구
3110717,남구로역 2번,11530,구로구
3110716,구로나눔길,11530,구로구
3110715,구로구민회관,11530,구로구
3110688,오류지구대,11530,구로구
3110687,"천왕역 3번(오류2동주민센터, 서울오류남초등학교)",11530,구로구
3110714,구로4동주민센터,11530,구로구
3110702,개봉초등학교,11530,구로구
3110701,고척동성당,11530,구로구
3110713,구로보건소,11530,구로구
3110712,남구로역 5번,11530,구로구
3110711,구로초등학교,11530,구로구
3110710,남구로역 3번,11530,구로구
3110709,구로119안전센터,11530,구로구
3110708,화원어린이공원,11530,구로구
3110707,구로창업지원센터,11530,구로구
3110686,수궁동주민센터,11530,구로구
3110685,금강수목원아파트,11530,구로구
3110684,서울공연예술고등학교,11530,구로구
3110700,고척초등학교,11530,구로구
3110699,덕의초등학교,11530,구로구
3110722,G타워,11530,구로구
3110706,그라운드 고척,11530,구로구
3110705,고산초등학교,11530,구로구
3110704,고척중학교,11530,구로구
3110703,개봉역,11530,구로구
3110683,오류고등학교,11530,구로구
3110682,온수역 8번,11530,구로구
3110681,온수역 1번,11530,구로구
3110696,오류동역 1번,11530,구로구
3110695,개봉1동주민센터,11530,구로구
3110694,세곡초등학교,11530,구로구
3110693,오류동역 4번,11530,구로구
3110749,금산초등학교(금천고등학교),11545,금천구
3130233,남문시장,11545,금천구
3130238,은행나무시장,11545,금천구
3130237,박미시장(기능상실),11545,금천구
3130236,비단길현대시장(현대시장),11545,금천구
3130235,대명여울빛거리시장(대명시장),11545,금천구
3130234,푸른터시장(기능상실),11545,금천구
3130232,독산동 맛나는거리상점가(독산동 맛나는거리),11545,금천구
3130231,독산동 우시장,11545,금천구
3120132,독산동,11545,금천구
3120131,가산디지털단지,11545,금천구
3120134,구로전화국,11545,금천구
3120133,서울시흥동우체국(홈플러스시흥점),11545,금천구
3110748,백산초등학교,11545,금천구
3110744,독산동성당,11545,금천구
3110743,시흥초등학교(시흥1동우체국),11545,금천구
3110732,가산초등학교(세일중학교),11545,금천구
3110731,금천구청역 1번 출입구,11545,금천구
3110730,서울축산농협 독산역지점(독산파출소),11545,금천구
3110747,석수역 1번 출입구,11545,금천구
3110746,금천금빛공원(은행나무사거리서측),11545,금천구
3110745,독산동정훈단지,11545,금천구
3110742,KT금천빌딩(금천구시설관리공단),11545,금천구
3110741,독산2동주민센터,11545,금천구
3110740,금천해태공원,11545,금천구
3110754,삼성산자연공원(서울금천초등학교),11545,금천구
3110753,시흥동 은행나무사거리,11545,금천구
3110729,가산동우체국,11545,금천구
3110728,두산초등학교,11545,금천구
3110727,독산역 1번 출입구,11545,금천구
3110739,시흥3동 우편취급국,11545,금천구
3110738,문성초등학교,11545,금천구
3110737,금천세무서,11545,금천구
3110726,금천철쭉어린이공원(금하마을),11545,금천구
3110752,한울중학교,11545,금천구
3110751,난곡중학교,11545,금천구
3110755,동일여자고등학교,11545,금천구
3110736,독산119안전센터,11545,금천구
3110735,말미고개,11545,금천구
3110734,금천파출소,11545,금천구
3110733,금천어울림복지센터,11545,금천구
3110725,가산동주민센터,11545,금천구
3110724,금천구립가산도서관,11545,금천구
3110723,가산디지털단지역 1번 출입구,11545,금천구
3110750,시흥4동주민센터(서울신흥초등학교),11545,금천구
3110780,신길대성유니드아파트,11560,영등포구
3130254,남서울상가,11560,영등포구
3130253,영신상가(제일상가),11560,영등포구
3130250,삼구시장(로타리상가),11560,영등포구
3130249,동남상가,11560,영등포구
3130248,영등포역지하도상점가,11560,영등포구
3130247,우리시장,11560,영등포구
3130259,대신시장,11560,영등포구
3130258,영진시장A동,11560,영등포구
3130257,영등포시장기계공구상가,11560,영등포구
3130256,신동시장,11560,영등포구
3130255,영등포전통시장,11560,영등포구
3130244,대림중앙시장,11560,영등포구
3130243,도림시장,11560,영등포구
3130246,영등포청과시장(조광시장),11560,영등포구
3130245,영일시장,11560,영등포구
3130242,대림중앙 골목형상점가,11560,영등포구
3130241,선유도역 골목형상점가,11560,영등포구
3130240,영등포유통상가,11560,영등포구
3130239,양남시장,11560,영등포구
3120148,국회의사당역(국회의사당),11560,영등포구
3120150,63빌딩,11560,영등포구
3120149,여의도역(여의도),11560,영등포구
3120139,대림3동사거리,11560,영등포구
3120138,당산2동(영등포우체국),11560,영등포구
3120137,문래역(문래로데오거리),11560,영등포구
3120146,한강성심병원,11560,영등포구
3120145,영등포역(영등포),11560,영등포구
3120144,영중로,11560,영등포구
3120143,당산역,11560,영등포구
3120142,대림역,11560,영등포구
3120141,영등포청과시장교차로,11560,영등포구
3120140,문래동주민센터,11560,영등포구
3120136,영등포구청역,11560,영등포구
3120135,양평역,11560,영등포구
3110812,신길6동주민센터,11560,영등포구
3110811,보라매역 4번,11560,영등포구
3110810,영신초등학교,11560,영등포구
3110789,대림성모병원,11560,영등포구
3110788,영등포시장역 3번,11560,영등포구
3110787,신길3동주민센터,11560,영등포구
3110786,당산역 8번,11560,영등포구
3110773,당산역 13번,11560,영등포구
3110772,신우어린이공원,11560,영등포구
3110771,대림역 11번,11560,영등포구
3110770,영등포구청역 6번,11560,영등포구
3110769,대림차이나타운(대림역 12번),11560,영등포구
3110817,대방역 4번,11560,영등포구
3110768,도림2동유수지내체육시설,11560,영등포구
3110785,영등포푸르지오아파트,11560,영등포구
3110784,신대림초등학교,11560,영등포구
3110779,대림갑을명가아파트,11560,영등포구
3110778,구로디지털단지역 4번,11560,영등포구
3110802,신길동홍어거리,11560,영등포구
3110801,신풍역 6번(신길6동공영주차장),11560,영등포구
3110800,영등포동성당,11560,영등포구
3110799,영등포본동주민센터,11560,영등포구
3110767,도림동주민센터,11560,영등포구
3110766,대림역 5번,11560,영등포구
3110765,문래동사거리,11560,영등포구
3110798,신풍역 2번,11560,영등포구
3110814,서울지방병무청,11560,영등포구
3110813,보라매역 6번,11560,영등포구
3110764,문래역 3번,11560,영등포구
3110763,영등포구청역 2번,11560,영등포구
3110777,구로세무서,11560,영등포구
3110797,KT대방빌딩,11560,영등포구
3110796,한림대학교한강성심병원,11560,영등포구
3110795,도림초등학교,11560,영등포구
3110794,영동초등학교,11560,영등포구
3110762,선유도역 1번,11560,영등포구
3110761,문래동남성맨션,11560,영등포구
3110760,선유도역 6번,11560,영등포구
3110759,문래예술촌(문래창작촌),11560,영등포구
3110816,대방역 6번,11560,영등포구
3110815,공군호텔,11560,영등포구
3110809,장훈고등학교,11560,영등포구
3110808,신길역 1번,11560,영등포구
3110793,대림썬프라자,11560,영등포구
3110792,영등포역 2번,11560,영등포구
3110791,신풍역 3번,11560,영등포구
3110790,대림1동주민센터,11560,영등포구
3110776,도신초등학교,11560,영등포구
3110775,대동초등학교,11560,영등포구
3110774,당산반도유보라팰리스아파트,11560,영등포구
3110807,신길역 3번,11560,영등포구
3110758,문래소공원,11560,영등포구
3110757,양평역 2번,11560,영등포구
3110756,문래중학교,11560,영등포구
3110806,서울시립영등포장애인복지관,11560,영등포구
3110805,신길새마을금고신길4동지점,11560,영등포구
3110804,신풍역 1번,11560,영등포구
3110803,신길2동우편취급국,11560,영등포구
3110781,대림한신아파트,11560,영등포구
3110782,영등포시장역 4번,11560,영등포구
3110783,영등포시장역 1번,11560,영등포구
3110818,신대방역 3번,11590,동작구
3130266,만양로상점가,11590,동작구
3130265,노량진중앙시장,11590,동작구
3130264,상도약수골목형상점가,11590,동작구
3130268,상도전통시장,11590,동작구
3130267,본동인정시장(기능상실),11590,동작구
3130263,신노량진시장(기능상실),11590,동작구
3130262,상도도깨비 골목형상점가,11590,동작구
3130273,남성사계시장(남성시장),11590,동작구
3130272,사당시장,11590,동작구
3130271,남성역골목시장,11590,동작구
3130270,흑석시장,11590,동작구
3130269,강남시장(동작구 강남시장),11590,동작구
3130261,성대전통시장(성대시장),11590,동작구
3130260,신대방1동골목상권,11590,동작구
3130274,사당1동먹자골목상점가(사당1동먹자골목),11590,동작구
3120153,노량진역(노량진),11590,동작구
3120152,신대방삼거리역,11590,동작구
3120151,보라매공원,11590,동작구
3120147,보라매역,11590,동작구
3120156,"총신대입구역(이수, 총신대)",11590,동작구
3120155,총신대학교,11590,동작구
3120154,장승배기역,11590,동작구
3110842,흑리단길,11590,동작구
3110841,중대부중,11590,동작구
3110840,중앙대학교,11590,동작구
3110847,예술인마을,11590,동작구
3110846,남성역 1번,11590,동작구
3110845,사당종합체육관,11590,동작구
3110822,신대방삼거리역 4번(대림초등학교),11590,동작구
3110821,보라매역 2번,11590,동작구
3110844,흑석2치안센터,11590,동작구
3110843,사당5동주민센터,11590,동작구
3110839,숭실대입구역 4번,11590,동작구
3110838,상도1동주민센터앞,11590,동작구
3110837,숭실대입구역 1번,11590,동작구
3110852,이수역 9번,11590,동작구
3110828,노량진역 6번,11590,동작구
3110827,NH농협은행 상도동지점,11590,동작구
3110826,장승배기역 4번,11590,동작구
3110836,상도역 5번,11590,동작구
3110835,상도역 1번,11590,동작구
3110851,경문고등학교(동작동성당),11590,동작구
3110850,사당역 10번,11590,동작구
3110829,장승배기역 5번,11590,동작구
3110834,동작구자원봉사센터,11590,동작구
3110833,상도역 2번,11590,동작구
3110832,노량진초등학교,11590,동작구
3110849,이수역 10번,11590,동작구
3110825,신대방삼거리역 1번,11590,동작구
3110824,대방역 3번,11590,동작구
3110823,신대방삼거리역 3번,11590,동작구
3110848,양지어린이공원,11590,동작구
3110831,상도4동주민센터,11590,동작구
3110830,상도초등학교,11590,동작구
3110820,성남고등학교,11590,동작구
3110819,신대방역 4번,11590,동작구
3110880,신림역 1번,11620,관악구
3130288,신림현대종합상가,11620,관악구
3130287,삼성동 시장(삼성동시장),11620,관악구
3130286,신신림시장(삼성동시장),11620,관악구
3130285,서원동상점가,11620,관악구
3130284,관악종합시장(신원시장),11620,관악구
3130283,신원시장,11620,관악구
3130282,난곡 골목형상점가,11620,관악구
3130281,우림시장,11620,관악구
3130280,신림종합시장,11620,관악구
3130279,관악신사시장,11620,관악구
3130278,미성동 도깨비시장 골목형상점가,11620,관악구
3130277,조원동 펭귄시장(신림중앙시장),11620,관악구
3130276,신림중앙시장(조원동 펭귄시장),11620,관악구
3130275,강남골목시장,11620,관악구
3130292,봉천현대시장,11620,관악구
3130291,봉천제일종합시장,11620,관악구
3130290,영림시장,11620,관악구
3130289,봉일시장,11620,관악구
3130295,인헌시장(원당종합시장),11620,관악구
3130294,관악중부시장,11620,관악구
3130293,봉천중앙시장,11620,관악구
3120159,서울대입구역,11620,관악구
3120157,신림역(신림),11620,관악구
3120158,녹두거리(대학동),11620,관악구
3110894,관악동부센트레빌아파트(은천로35라길),11620,관악구
3110893,관악소방서(문영여고),11620,관악구
3110892,관악구 중앙길,11620,관악구
3110897,서울대입구역 8번,11620,관악구
3110896,관악우성아파트,11620,관악구
3110870,신림주공2단지(광신고등학교),11620,관악구
3110869,"신림역 5번(신림동주민센터, 신림동별빛거리)",11620,관악구
3110868,남부초등학교,11620,관악구
3110867,국제신학대학원대학교(남서울중학교),11620,관악구
3110895,샤로수길,11620,관악구
3110866,난우중학교,11620,관악구
3110891,구암초등학교,11620,관악구
3110890,봉천역 1번(관악초등학교),11620,관악구
3110889,봉천역 6번,11620,관악구
3110876,서원동주민센터(신관중학교),11620,관악구
3110875,보라매동주민센터(당곡고등학교),11620,관악구
3110874,원신초등학교(구세군관악영문교회),11620,관악구
3110888,청룡동주민센터,11620,관악구
3110865,남강고등학교(남강중학교),11620,관악구
3110864,신림우방아파트,11620,관악구
3110863,난우초등학교,11620,관악구
3110855,신대방역 2번,11620,관악구
3110854,조원동주민센터,11620,관악구
3110853,KT구로지사,11620,관악구
3110887,서울산업정보학교(서울삼성초등학교),11620,관악구
3110886,관악해태어린이공원,11620,관악구
3110885,영락고등학교,11620,관악구
3110879,신림현대아파트,11620,관악구
3110878,미림여고,11620,관악구
3110862,난곡초등학교(난곡동벽화마을),11620,관악구
3110902,사당역 4번,11620,관악구
3110901,인헌고등학교(인헌중학교),11620,관악구
3110861,관악구신사동주민센터,11620,관악구
3110860,호림박물관(성보고등학교),11620,관악구
3110877,신림역 8번,11620,관악구
3110884,봉천역 4번(봉천110안전센터),11620,관악구
3110883,은천초등학교(은천교앞),11620,관악구
3110900,낙성대역 1번(관악구민 종합체육센터),11620,관악구
3110873,당곡중학교,11620,관악구
3110872,신림초등학교,11620,관악구
3110859,난향초등학교,11620,관악구
3110858,신대방역 1번,11620,관악구
3110857,미성동주민센터,11620,관악구
3110856,미성초등학교,11620,관악구
3110899,낙성대역 5번(관악중학교),11620,관악구
3110898,청림동주민센터(상도중학교),11620,관악구
3110871,신원동주민센터,11620,관악구
3110882,신성초등학교,11620,관악구
3110881,구립대학경로당(관악산샘말공원),11620,관악구
3110942,염곡동 구룡사(포이동성당),11650,서초구
3130301,양재시장,11650,서초구
3130296,남부종합시장,11650,서초구
3120189,강남역,11650,서초구
3120174,논현역 5번,11650,서초구
3120173,교대역(법원.검찰청),11650,서초구
3120172,교대입구교차로,11650,서초구
3120181,교육개발원입구사거리,11650,서초구
3120180,양재화물트럭터미널앞,11650,서초구
3120179,양재역,11650,서초구
3120178,신사역,11650,서초구
3120183,양재천카페거리,11650,서초구
3120182,"양재시민의숲역(양재동꽃시장, aT센터)",11650,서초구
3120184,포이사거리(삼호물산),11650,서초구
3120171,서초3동사거리,11650,서초구
3120170,삼호가든사거리,11650,서초구
3120169,서초역,11650,서초구
3120168,서울고교교차로,11650,서초구
3120167,고속터미널(고속터미널역),11650,서초구
3120166,방배역,11650,서초구
3120165,서래마을카페거리(서래마을),11650,서초구
3120177,신논현역 1번,11650,서초구
3120176,논현역 4번,11650,서초구
3120175,남부터미널역,11650,서초구
3120161,방배동가구거리(사당동가구거리),11650,서초구
3120160,사당역(사당),11650,서초구
3120164,내방역,11650,서초구
3120163,사당역 11번(사당역먹자골목),11650,서초구
3120162,방배동카페골목,11650,서초구
3110925,서초중학교,11650,서초구
3110924,반포4동주민센터(몽마르뜨공원),11650,서초구
3110923,방배역 1번,11650,서초구
3110922,내방역 1번,11650,서초구
3110921,서울프랑스학교,11650,서초구
3110920,방배역 2번(백석예술대학교),11650,서초구
3110919,내방역 8번,11650,서초구
3110918,방배역 3번,11650,서초구
3110917,서초소방서,11650,서초구
3110941,언남고등학교,11650,서초구
3110940,양재근린공원(양재2동주민센터),11650,서초구
3110939,양재역 8번(양재동우체국),11650,서초구
3110916,내방역 4번,11650,서초구
3110908,구반포역,11650,서초구
3110907,방배초등학교,11650,서초구
3110906,서문여고,11650,서초구
3110905,방배노인종합복지관(이수중학교),11650,서초구
3110904,이수역 5번,11650,서초구
3110948,헌인가구단지,11650,서초구
3110938,바우뫼공원,11650,서초구
3110937,방아다리근린공원(횃불트리니티신학대학원대학교),11650,서초구
3110936,더케이호텔(양재리본타워2단지아파트),11650,서초구
3110915,서래초등학교,11650,서초구
3110935,한전아트센터,11650,서초구
3110934,우면주공아파트,11650,서초구
3110933,한국상담대학원대학교,11650,서초구
3110932,서울시인재개발원,11650,서초구
3110931,삼성전자서울R&D(서울우면초등학교),11650,서초구
3110930,서초동성당,11650,서초구
3110914,내방역 6번,11650,서초구
3110913,방현초등학교(방배119안전센터),11650,서초구
3110903,방배아이파크아파트,11650,서초구
3110947,청계산입구역 2번(내곡동주민센터),11650,서초구
3110946,청계산원터골,11650,서초구
3110945,본마을노인복지센터(서초구립내곡도서관),11650,서초구
3110929,남부터미널역 1번,11650,서초구
3110928,서초우방유쉘아파트,11650,서초구
3110927,잠원역,11650,서초구
3110912,방배동사이길,11650,서초구
3110911,방배배수지체육공원,11650,서초구
3110910,내방역 5번,11650,서초구
3110909,남태령역(서울전자고등학교),11650,서초구
3110926,신중초등학교,11650,서초구
3110944,서울나래학교(염곡어린이공원),11650,서초구
3110943,법제교육센터(버들어린이공원),11650,서초구
3110968,강남구청역 2번,11680,강남구
3001496,강남 마이스 관광특구,11680,강남구
3130310,강남개포시장,11680,강남구
3130309,은마종합상점가,11680,강남구
3130308,청담삼익시장,11680,강남구
3130307,도곡시장,11680,강남구
3130306,강남언주로,11680,강남구
3130305,논현종합시장,11680,강남구
3130304,신사상가,11680,강남구
3130303,영동전통시장,11680,강남구
3130302,강남시장(강남구 강남시장),11680,강남구
3120198,구역삼세무서,11680,강남구
3120197,역삼역,11680,강남구
3120196,서울세관,11680,강남구
3120195,성수대교남단,11680,강남구
3120194,언주역(차병원),11680,강남구
3120193,도산공원교차로,11680,강남구
3120192,뱅뱅사거리,11680,강남구
3120191,학동역,11680,강남구
3120190,강남을지병원,11680,강남구
3120207,선정릉역,11680,강남구
3120206,개나리아파트,11680,강남구
3120205,매봉역,11680,강남구
3120204,르네상스호텔사거리,11680,강남구
3120203,강남구청역,11680,강남구
3120202,압구정로데오역(압구정로데오),11680,강남구
3120201,도곡1동,11680,강남구
3120200,학동사거리,11680,강남구
3120199,경복아파트교차로,11680,강남구
3120188,압구정역,11680,강남구
3120187,신논현역,11680,강남구
3120224,수서역,11680,강남구
3120223,휘문고교사거리,11680,강남구
3120222,삼성역,11680,강남구
3120221,봉은사역,11680,강남구
3120220,대치역,11680,강남구
3120219,은마아파트,11680,강남구
3120218,코엑스,11680,강남구
3120217,대치사거리,11680,강남구
3120216,경기고교사거리(경기고교앞사거리),11680,강남구
3120215,포스코사거리,11680,강남구
3120214,영동대교남단교차로,11680,강남구
3120213,삼성중앙역,11680,강남구
3120212,한티역,11680,강남구
3120211,도성초등학교,11680,강남구
3120210,선릉역,11680,강남구
3120209,"강남구청(청담역_8번, 강남세무서)",11680,강남구
3120208,청담사거리(청담동명품거리),11680,강남구
3120186,가로수길,11680,강남구
3120185,논현역,11680,강남구
3110967,역삼역 8번,11680,강남구
3110966,논현2동주민센터,11680,강남구
3110982,강남구보훈회관,11680,강남구
3110981,국악고교사거리,11680,강남구
3110980,개포지구대옆,11680,강남구
3110979,청담초등학교,11680,강남구
3110978,도곡2동주민센터(대치중학교),11680,강남구
3110977,논현로18길,11680,강남구
3110976,언북초등학교,11680,강남구
3110975,매봉역 1번,11680,강남구
3110974,언주중학교,11680,강남구
3110965,언주역 6번,11680,강남구
3110964,싸리고개근린공원,11680,강남구
3110963,역삼월드메르디앙아파트,11680,강남구
3110962,도산공원북측,11680,강남구
3110961,언주역 3번,11680,강남구
3110960,은광여고,11680,강남구
3110959,신구중학교,11680,강남구
3110958,역삼역 4번,11680,강남구
3110957,언북중학교,11680,강남구
3111001,아래방죽마을공원(율현초등학교),11680,강남구
3111000,대왕초등학교(세곡동사거리서남측),11680,강남구
3110999,윗방죽마을공원,11680,강남구
3110998,은곡마을(은곡마을공원),11680,강남구
3110997,대청초등학교,11680,강남구
3110956,언주역 8번,11680,강남구
3110955,논현초등학교,11680,강남구
3110954,국기원,11680,강남구
3110953,학동근린공원,11680,강남구
3110952,논현목련공원,11680,강남구
3110951,신사은행나무공원,11680,강남구
3110950,논현역 7번,11680,강남구
3110949,한남IC,11680,강남구
3110996,대치2동주민센터,11680,강남구
3110995,봉은사역 4번,11680,강남구
3110994,개포고등학교,11680,강남구
3110993,개포지하차도 북측,11680,강남구
3110992,도곡초등학교,11680,강남구
3110991,삼성중앙역 5번,11680,강남구
3110990,청담역 12번,11680,강남구
3110989,대치동아우편취급국,11680,강남구
3110988,청담역 3번,11680,강남구
3111002,한국교통안전공단 강남자동차검사소,11680,강남구
3110987,영동대교남단,11680,강남구
3110986,삼성중앙역 7번,11680,강남구
3110985,청담근린공원,11680,강남구
3110984,포이초등학교(개포목련어린이공원),11680,강남구
3110983,국립국악고등학교,11680,강남구
3110973,강남구청역 4번,11680,강남구
3110972,강남세브란스병원미래의학연구센터,11680,강남구
3110971,선정릉역 4번,11680,강남구
3110970,학동초등학교,11680,강남구
3110969,베르사이유1아파트,11680,강남구
3111026,문정역 2번,11710,송파구
3001495,잠실 관광특구,11710,송파구
3130313,방이시장,11710,송파구
3130312,석촌시장,11710,송파구
3130311,새마을시장,11710,송파구
3130317,마천중앙시장,11710,송파구
3130316,마천시장,11710,송파구
3130315,문정동 로데오거리 상점가(문정동 로데오거리),11710,송파구
3130314,풍납시장,11710,송파구
3120231,가락시장,11710,송파구
3120230,송파사거리(송파역),11710,송파구
3120229,방이동먹자골목,11710,송파구
3120241,거여역,11710,송파구
3120240,개롱역,11710,송파구
3120239,오금역,11710,송파구
3120238,방이역,11710,송파구
3120237,경찰병원역,11710,송파구
3120236,장지역(가든파이브),11710,송파구
3120235,문정역,11710,송파구
3120234,가락시장역,11710,송파구
3120233,몽촌토성역,11710,송파구
3120232,송파나루역,11710,송파구
3120228,석촌역(석촌호수),11710,송파구
3120227,잠실역,11710,송파구
3120226,석촌고분역,11710,송파구
3120225,잠실새내역(신천),11710,송파구
3111040,거여초등학교,11710,송파구
3111036,투구봉어린이공원,11710,송파구
3111035,오금공원(오주중학교),11710,송파구
3111039,벌말어린이공원,11710,송파구
3111038,보인중학교,11710,송파구
3111016,송파역 2번,11710,송파구
3111015,석촌역 3번,11710,송파구
3111014,송파나루역 2번,11710,송파구
3111024,경찰병원역 4번(건너말공원),11710,송파구
3111034,오동나무공원(송파레미니스1단지),11710,송파구
3111033,문정동성당,11710,송파구
3111023,문정역 1번,11710,송파구
3111022,석촌중학교(방이육교),11710,송파구
3111021,방이역 4번,11710,송파구
3111047,마천1치안센터,11710,송파구
3111046,마천역(마천초등학교),11710,송파구
3111045,개미어린이공원,11710,송파구
3111013,송파나루역 1번(송리단길),11710,송파구
3111012,석촌역 6번,11710,송파구
3111011,잠실나루역,11710,송파구
3111010,석촌역 7번,11710,송파구
3111009,송파책박물관,11710,송파구
3111044,남천초등학교,11710,송파구
3111043,마천공원,11710,송파구
3111008,석촌고분역 3번,11710,송파구
3111007,석촌고분역 4번,11710,송파구
3111032,방이역 1번,11710,송파구
3111031,장지동주민센터(한림연예예술고교),11710,송파구
3111020,방이동고분군(방산고등학교),11710,송파구
3111019,한성백제역 3번,11710,송파구
3111006,석촌고분역 1번,11710,송파구
3111005,삼전역 3번,11710,송파구
3111004,삼전역 1번,11710,송파구
3111003,삼전역 4번,11710,송파구
3111030,방이역 2번,11710,송파구
3111029,오금역 4번,11710,송파구
3111028,문현중학교(장지역 1번),11710,송파구
3111042,거여역 1번(거여공원),11710,송파구
3111041,거여역 8번,11710,송파구
3111018,풍납초등학교(풍납백제문화공원),11710,송파구
3111017,송파나루역 3번,11710,송파구
3111037,Sh수협은행 오금동금융센터(아랫말어린이공원),11710,송파구
3111025,경찰병원역 3번,11710,송파구
3111027,문정초등학교,11710,송파구
3111078,굽은다리역 4번,11740,강동구
3111084,길동신동아아파트,11740,강동구
3111085,묘곡초등학교(고덕아이파크아파트),11740,강동구
3111086,한영중고,11740,강동구
3111087,고덕중학교(고덕2동주민센터),11740,강동구
3111088,고덕동성당,11740,강동구
3111079,둔촌고등학교(둔촌중학교),11740,강동구
3111080,굽은다리역 3번,11740,강동구
3111081,둔촌푸르지오아파트,11740,강동구
3111082,중앙보훈병원,11740,강동구
3111083,GS강동자이아파트,11740,강동구
3111077,길동주민센터(강동도서관),11740,강동구
3111050,강동구청(강동구청역 2번),11740,강동구
3111051,천호역 6번,11740,강동구
3111052,암사역 3번(천호동자전거거리),11740,강동구
3111053,성내천어린이공원(하니사랑길),11740,강동구
3111054,암사역 4번(삼성광나루아파트),11740,강동구
3111055,선사초등학교,11740,강동구
3111056,천호태영아파트,11740,강동구
3111057,천호공원(해공체육문화센터),11740,강동구
3111059,강동역 4번(강풀만화거리),11740,강동구
3111058,성내중학교,11740,강동구
3111060,암사역 2번(서울강동초등학교),11740,강동구
3111048,천호역 1번(천호문구완구거리),11740,강동구
3111049,천호지구대(천호동자전거거리),11740,강동구
3111089,상일여고(상일초등학교),11740,강동구
3111090,강일동주민센터,11740,강동구
3111061,암사역 1번,11740,강동구
3111062,둔촌동역 3번(성내3동주민센터),11740,강동구
3111063,강동구립 천호도서관,11740,강동구
3111064,둔촌동역 4번,11740,강동구
3111065,천일초등학교,11740,강동구
3111066,암사동성당(효정하나플러스아파트),11740,강동구
3111067,강동구립성내도서관,11740,강동구
3111068,강동성심병원,11740,강동구
3111069,천호1동주민센터,11740,강동구
3111070,천호초등학교,11740,강동구
3111071,천동초등학교,11740,강동구
3111072,굽은다리역 1번(십자성마을),11740,강동구
3111073,둔촌동역 1번(한산중학교),11740,강동구
3111074,명일역 1번,11740,강동구
3111075,굽은다리역 2번,11740,강동구
3111076,둔촌2동주민센터,11740,강동구
3120242,강동구청역,11740,강동구
3120246,길동역,11740,강동구
3120247,굽은다리역,11740,강동구
3120248,명일역,11740,강동구
3120249,고덕역,11740,강동구
3120243,천호역,11740,강동구
3120244,암사역,11740,강동구
3120245,둔촌역,11740,강동구
3130318,로데오거리상점가,11740,강동구
3130319,성내전통시장,11740,강동구
3130320,암사종합시장,11740,강동구
3130321,장신구 특화거리 상점가,11740,강동구
3130322,고분다리전통시장,11740,강동구
3130323,둔촌역전통시장,11740,강동구
3130324,길동복조리시장,11740,강동구
3130325,명일전통시장,11740,강동구
3130326,고덕 골목형상점가,11740,강동구
